ObjectId,indicator_label,indicator_id,indicator_desc,minset_series,minset_series_desc,ref_area,ref_area_desc,iso3,x,y,sdg_region,sex,sex_desc,time_period,time_detail,value_category,value_category_desc,nature,nature_desc,reporting_type,reporting_type_desc,comment_obs,source_detail,source_detail_url,source_year,dimensions,is_latest_year
1,QV.4,Ifdb90d43,Legal minimum age at marriage by sex,S583c1510,Minimum age for legal marriage - Without parental consent,484,Mexico,MEX,-102.5148166,23.93378032,Latin America and the Caribbean,F,Female,2019,2010-2019,26,Both at least 18 years,C,Country data,G,Global,18,2019 Demographic Yearbook,https://unstats.un.org/unsd/demographic-social/products/dyb/dyb_2019/,2021,sex,1
2,QV.4,Ifdb90d43,Legal minimum age at marriage by sex,S583c1510,Minimum age for legal marriage - Without parental consent,248,Åland Islands,ALA,19.80945969,60.1544901,Europe and Northern America,F,Female,2019,2010-2019,26,Both at least 18 years,C,Country data,G,Global,18,2019 Demographic Yearbook,https://unstats.un.org/unsd/demographic-social/products/dyb/dyb_2019/,2021,sex,1
3,QV.4,Ifdb90d43,Legal minimum age at marriage by sex,S583c1510,Minimum age for legal marriage - Without parental consent,484,Mexico,MEX,-102.5148166,23.93378032,Latin America and the Caribbean,M,Male,2019,2010-2019,26,Both at least 18 years,C,Country data,G,Global,18,2019 Demographic Yearbook,https://unstats.un.org/unsd/demographic-social/products/dyb/dyb_2019/,2021,sex,1
4,QV.4,Ifdb90d43,Legal minimum age at marriage by sex,S583c1510,Minimum age for legal marriage - Without parental consent,248,Åland Islands,ALA,19.80945969,60.1544901,Europe and Northern America,M,Male,2019,2010-2019,26,Both at least 18 years,C,Country data,G,Global,18,2019 Demographic Yearbook,https://unstats.un.org/unsd/demographic-social/products/dyb/dyb_2019/,2021,sex,1
5,QV.4,Ifdb90d43,Legal minimum age at marriage by sex,S583c1510,Minimum age for legal marriage - Without parental consent,496,Mongolia,MNG,103.0728057,46.83892054,Eastern and South-Eastern Asia,F,Female,2019,2010-2019,26,Both at least 18 years,C,Country data,G,Global,18,2019 Demographic Yearbook,https://unstats.un.org/unsd/demographic-social/products/dyb/dyb_2019/,2021,sex,1
6,QV.4,Ifdb90d43,Legal minimum age at marriage by sex,S583c1510,Minimum age for legal marriage - Without parental consent,8,Albania,ALB,20.06660928,41.13897007,Europe and Northern America,F,Female,2019,2010-2019,26,Both at least 18 years,C,Country data,G,Global,18,2019 Demographic Yearbook,https://unstats.un.org/unsd/demographic-social/products/dyb/dyb_2019/,2021,sex,1
7,QV.4,Ifdb90d43,Legal minimum age at marriage by sex,S583c1510,Minimum age for legal marriage - Without parental consent,496,Mongolia,MNG,103.0728057,46.83892054,Eastern and South-Eastern Asia,M,Male,2019,2010-2019,26,Both at least 18 years,C,Country data,G,Global,18,2019 Demographic Yearbook,https://unstats.un.org/unsd/demographic-social/products/dyb/dyb_2019/,2021,sex,1
8,QV.4,Ifdb90d43,Legal minimum age at marriage by sex,S583c1510,Minimum age for legal marriage - Without parental consent,8,Albania,ALB,20.06660928,41.13897007,Europe and Northern America,M,Male,2019,2010-2019,26,Both at least 18 years,C,Country data,G,Global,18,2019 Demographic Yearbook,https://unstats.un.org/unsd/demographic-social/products/dyb/dyb_2019/,2021,sex,1
9,QV.4,Ifdb90d43,Legal minimum age at marriage by sex,S583c1510,Minimum age for legal marriage - Without parental consent,499,Montenegro,MNE,19.25214024,42.78717043,Europe and Northern America,F,Female,2019,2010-2019,26,Both at least 18 years,C,Country data,G,Global,18,2019 Demographic Yearbook,https://unstats.un.org/unsd/demographic-social/products/dyb/dyb_2019/,2021,sex,1
10,QV.4,Ifdb90d43,Legal minimum age at marriage by sex,S583c1510,Minimum age for legal marriage - Without parental consent,20,Andorra,AND,1.576257417,42.54548611,Europe and Northern America,F,Female,2019,2010-2019,29,Both less than 18 years,C,Country data,G,Global,16,2019 Demographic Yearbook,https://unstats.un.org/unsd/demographic-social/products/dyb/dyb_2019/,2021,sex,1
11,QV.4,Ifdb90d43,Legal minimum age at marriage by sex,S583c1510,Minimum age for legal marriage - Without parental consent,20,Andorra,AND,1.576257417,42.54548611,Europe and Northern America,M,Male,2019,2010-2019,29,Both less than 18 years,C,Country data,G,Global,16,2019 Demographic Yearbook,https://unstats.un.org/unsd/demographic-social/products/dyb/dyb_2019/,2021,sex,1
12,QV.4,Ifdb90d43,Legal minimum age at marriage by sex,S583c1510,Minimum age for legal marriage - Without parental consent,32,Argentina,ARG,-65.14563274,-35.19446255,Latin America and the Caribbean,F,Female,2019,2010-2019,26,Both at least 18 years,C,Country data,G,Global,21,2019 Demographic Yearbook,https://unstats.un.org/unsd/demographic-social/products/dyb/dyb_2019/,2021,sex,1
13,QV.4,Ifdb90d43,Legal minimum age at marriage by sex,S583c1510,Minimum age for legal marriage - Without parental consent,32,Argentina,ARG,-65.14563274,-35.19446255,Latin America and the Caribbean,M,Male,2019,2010-2019,26,Both at least 18 years,C,Country data,G,Global,21,2019 Demographic Yearbook,https://unstats.un.org/unsd/demographic-social/products/dyb/dyb_2019/,2021,sex,1
14,QV.4,Ifdb90d43,Legal minimum age at marriage by sex,S583c1510,Minimum age for legal marriage - Without parental consent,51,Armenia,ARM,44.93839317,40.29499741,Northern Africa and Western Asia,F,Female,2019,2010-2019,27,Men at least 18 years Women less than 18 years,C,Country data,G,Global,17,2019 Demographic Yearbook,https://unstats.un.org/unsd/demographic-social/products/dyb/dyb_2019/,2021,sex,1
15,QV.4,Ifdb90d43,Legal minimum age at marriage by sex,S583c1510,Minimum age for legal marriage - Without parental consent,51,Armenia,ARM,44.93839317,40.29499741,Northern Africa and Western Asia,M,Male,2019,2010-2019,27,Men at least 18 years Women less than 18 years,C,Country data,G,Global,18,2019 Demographic Yearbook,https://unstats.un.org/unsd/demographic-social/products/dyb/dyb_2019/,2021,sex,1
16,QV.4,Ifdb90d43,Legal minimum age at marriage by sex,S583c1510,Minimum age for legal marriage - Without parental consent,533,Aruba,ABW,-69.97050586,12.50878756,Latin America and the Caribbean,F,Female,2019,2010-2019,26,Both at least 18 years,C,Country data,G,Global,16,2019 Demographic Yearbook,https://unstats.un.org/unsd/demographic-social/products/dyb/dyb_2019/,2021,sex,1
17,QV.4,Ifdb90d43,Legal minimum age at marriage by sex,S583c1510,Minimum age for legal marriage - Without parental consent,533,Aruba,ABW,-69.97050586,12.50878756,Latin America and the Caribbean,M,Male,2019,2010-2019,26,Both at least 18 years,C,Country data,G,Global,16,2019 Demographic Yearbook,https://unstats.un.org/unsd/demographic-social/products/dyb/dyb_2019/,2021,sex,1
18,QV.4,Ifdb90d43,Legal minimum age at marriage by sex,S583c1510,Minimum age for legal marriage - Without parental consent,36,Australia,AUS,134.3499412,-25.57717202,Australia and New Zealand,F,Female,2019,2010-2019,26,Both at least 18 years,C,Country data,G,Global,18,2019 Demographic Yearbook,https://unstats.un.org/unsd/demographic-social/products/dyb/dyb_2019/,2021,sex,1
19,QV.4,Ifdb90d43,Legal minimum age at marriage by sex,S583c1510,Minimum age for legal marriage - Without parental consent,36,Australia,AUS,134.3499412,-25.57717202,Australia and New Zealand,M,Male,2019,2010-2019,26,Both at least 18 years,C,Country data,G,Global,18,2019 Demographic Yearbook,https://unstats.un.org/unsd/demographic-social/products/dyb/dyb_2019/,2021,sex,1
20,QV.4,Ifdb90d43,Legal minimum age at marriage by sex,S583c1510,Minimum age for legal marriage - Without parental consent,40,Austria,AUT,14.14172472,47.58704857,Europe and Northern America,F,Female,2019,2010-2019,26,Both at least 18 years,C,Country data,G,Global,18,2019 Demographic Yearbook,https://unstats.un.org/unsd/demographic-social/products/dyb/dyb_2019/,2021,sex,1
21,QV.4,Ifdb90d43,Legal minimum age at marriage by sex,S583c1510,Minimum age for legal marriage - Without parental consent,40,Austria,AUT,14.14172472,47.58704857,Europe and Northern America,M,Male,2019,2010-2019,26,Both at least 18 years,C,Country data,G,Global,18,2019 Demographic Yearbook,https://unstats.un.org/unsd/demographic-social/products/dyb/dyb_2019/,2021,sex,1
22,QV.4,Ifdb90d43,Legal minimum age at marriage by sex,S583c1510,Minimum age for legal marriage - Without parental consent,48,Bahrain,BHR,50.5490754,26.04407747,Northern Africa and Western Asia,M,Male,2019,2010-2019,38,Less than 18 years,C,Country data,G,Global,15,2019 Demographic Yearbook,https://unstats.un.org/unsd/demographic-social/products/dyb/dyb_2019/,2021,sex,1
23,QV.4,Ifdb90d43,Legal minimum age at marriage by sex,S583c1510,Minimum age for legal marriage - Without parental consent,72,Botswana,BWA,23.81380223,-22.18810073,Sub-Saharan Africa,F,Female,2019,2010-2019,26,Both at least 18 years,C,Country data,G,Global,21,2019 Demographic Yearbook,https://unstats.un.org/unsd/demographic-social/products/dyb/dyb_2019/,2021,sex,1
24,QV.4,Ifdb90d43,Legal minimum age at marriage by sex,S583c1510,Minimum age for legal marriage - Without parental consent,72,Botswana,BWA,23.81380223,-22.18810073,Sub-Saharan Africa,M,Male,2019,2010-2019,26,Both at least 18 years,C,Country data,G,Global,21,2019 Demographic Yearbook,https://unstats.un.org/unsd/demographic-social/products/dyb/dyb_2019/,2021,sex,1
25,QV.4,Ifdb90d43,Legal minimum age at marriage by sex,S583c1510,Minimum age for legal marriage - Without parental consent,178,Congo,COG,15.22052612,-0.840544119,Sub-Saharan Africa,F,Female,2019,,26,Both at least 18 years,C,Country data,G,Global,18,2019 Demographic Yearbook,https://unstats.un.org/unsd/demographic-social/products/dyb/dyb_2019/,2021,sex,1
26,QV.4,Ifdb90d43,Legal minimum age at marriage by sex,S583c1510,Minimum age for legal marriage - Without parental consent,178,Congo,COG,15.22052612,-0.840544119,Sub-Saharan Africa,M,Male,2019,,26,Both at least 18 years,C,Country data,G,Global,21,2019 Demographic Yearbook,https://unstats.un.org/unsd/demographic-social/products/dyb/dyb_2019/,2021,sex,1
27,QV.4,Ifdb90d43,Legal minimum age at marriage by sex,S583c1510,Minimum age for legal marriage - Without parental consent,276,Germany,DEU,10.3806066,51.08862743,Europe and Northern America,F,Female,2019,2010-2019,26,Both at least 18 years,C,Country data,G,Global,18,2019 Demographic Yearbook,https://unstats.un.org/unsd/demographic-social/products/dyb/dyb_2019/,2021,sex,1
28,QV.4,Ifdb90d43,Legal minimum age at marriage by sex,S583c1510,Minimum age for legal marriage - Without parental consent,276,Germany,DEU,10.3806066,51.08862743,Europe and Northern America,M,Male,2019,2010-2019,26,Both at least 18 years,C,Country data,G,Global,18,2019 Demographic Yearbook,https://unstats.un.org/unsd/demographic-social/products/dyb/dyb_2019/,2021,sex,1
29,QV.4,Ifdb90d43,Legal minimum age at marriage by sex,S583c1510,Minimum age for legal marriage - Without parental consent,392,Japan,JPN,139.2716103,36.6554539,Eastern and South-Eastern Asia,M,Male,2019,2010-2019,26,Both at least 18 years,C,Country data,G,Global,20,2019 Demographic Yearbook,https://unstats.un.org/unsd/demographic-social/products/dyb/dyb_2019/,2021,sex,1
30,QV.4,Ifdb90d43,Legal minimum age at marriage by sex,S583c1510,Minimum age for legal marriage - Without parental consent,832,Jersey,JEY,-2.136773508,49.22353354,Europe and Northern America,F,Female,2019,2010-2019,26,Both at least 18 years,C,Country data,G,Global,18,2019 Demographic Yearbook,https://unstats.un.org/unsd/demographic-social/products/dyb/dyb_2019/,2021,sex,1
31,QV.4,Ifdb90d43,Legal minimum age at marriage by sex,S583c1510,Minimum age for legal marriage - Without parental consent,832,Jersey,JEY,-2.136773508,49.22353354,Europe and Northern America,M,Male,2019,2010-2019,26,Both at least 18 years,C,Country data,G,Global,18,2019 Demographic Yearbook,https://unstats.un.org/unsd/demographic-social/products/dyb/dyb_2019/,2021,sex,1
32,QV.4,Ifdb90d43,Legal minimum age at marriage by sex,S583c1510,Minimum age for legal marriage - Without parental consent,398,Kazakhstan,KAZ,66.65359159,48.01963494,Central and Southern Asia,F,Female,2019,2010-2019,26,Both at least 18 years,C,Country data,G,Global,18,2019 Demographic Yearbook,https://unstats.un.org/unsd/demographic-social/products/dyb/dyb_2019/,2021,sex,1
33,QV.4,Ifdb90d43,Legal minimum age at marriage by sex,S583c1510,Minimum age for legal marriage - Without parental consent,398,Kazakhstan,KAZ,66.65359159,48.01963494,Central and Southern Asia,M,Male,2019,2010-2019,26,Both at least 18 years,C,Country data,G,Global,18,2019 Demographic Yearbook,https://unstats.un.org/unsd/demographic-social/products/dyb/dyb_2019/,2021,sex,1
34,QV.4,Ifdb90d43,Legal minimum age at marriage by sex,S583c1510,Minimum age for legal marriage - Without parental consent,417,Kyrgyzstan,KGZ,74.52324839,41.46204516,Central and Southern Asia,F,Female,2019,2010-2019,29,Both less than 18 years,C,Country data,G,Global,16,2019 Demographic Yearbook,https://unstats.un.org/unsd/demographic-social/products/dyb/dyb_2019/,2021,sex,1
35,QV.4,Ifdb90d43,Legal minimum age at marriage by sex,S583c1510,Minimum age for legal marriage - Without parental consent,417,Kyrgyzstan,KGZ,74.52324839,41.46204516,Central and Southern Asia,M,Male,2019,2010-2019,29,Both less than 18 years,C,Country data,G,Global,16,2019 Demographic Yearbook,https://unstats.un.org/unsd/demographic-social/products/dyb/dyb_2019/,2021,sex,1
36,QV.4,Ifdb90d43,Legal minimum age at marriage by sex,S583c1510,Minimum age for legal marriage - Without parental consent,428,Latvia,LVA,26.42461876,56.64196636,Europe and Northern America,F,Female,2019,2010-2019,26,Both at least 18 years,C,Country data,G,Global,18,2019 Demographic Yearbook,https://unstats.un.org/unsd/demographic-social/products/dyb/dyb_2019/,2021,sex,1
37,QV.4,Ifdb90d43,Legal minimum age at marriage by sex,S583c1510,Minimum age for legal marriage - Without parental consent,428,Latvia,LVA,26.42461876,56.64196636,Europe and Northern America,M,Male,2019,2010-2019,26,Both at least 18 years,C,Country data,G,Global,18,2019 Demographic Yearbook,https://unstats.un.org/unsd/demographic-social/products/dyb/dyb_2019/,2021,sex,1
38,QV.4,Ifdb90d43,Legal minimum age at marriage by sex,S583c1510,Minimum age for legal marriage - Without parental consent,430,Liberia,LBR,-9.311879038,6.448381009,Sub-Saharan Africa,F,Female,2019,2010-2019,26,Both at least 18 years,C,Country data,G,Global,18,2019 Demographic Yearbook,https://unstats.un.org/unsd/demographic-social/products/dyb/dyb_2019/,2021,sex,1
39,QV.4,Ifdb90d43,Legal minimum age at marriage by sex,S583c1510,Minimum age for legal marriage - Without parental consent,430,Liberia,LBR,-9.311879038,6.448381009,Sub-Saharan Africa,M,Male,2019,2010-2019,26,Both at least 18 years,C,Country data,G,Global,21,2019 Demographic Yearbook,https://unstats.un.org/unsd/demographic-social/products/dyb/dyb_2019/,2021,sex,1
40,QV.4,Ifdb90d43,Legal minimum age at marriage by sex,S583c1510,Minimum age for legal marriage - Without parental consent,434,Libya,LBY,18.0295985,27.04042819,Northern Africa and Western Asia,F,Female,2019,2010-2019,30,No fixed data,C,Country data,G,Global,18,2019 Demographic Yearbook,https://unstats.un.org/unsd/demographic-social/products/dyb/dyb_2019/,2021,sex,1
41,QV.4,Ifdb90d43,Legal minimum age at marriage by sex,S583c1510,Minimum age for legal marriage - Without parental consent,434,Libya,LBY,18.0295985,27.04042819,Northern Africa and Western Asia,M,Male,2019,2010-2019,30,No fixed data,C,Country data,G,Global,18,2019 Demographic Yearbook,https://unstats.un.org/unsd/demographic-social/products/dyb/dyb_2019/,2021,sex,1
42,QV.4,Ifdb90d43,Legal minimum age at marriage by sex,S583c1510,Minimum age for legal marriage - Without parental consent,438,Liechtenstein,LIE,9.552985019,47.14167005,Europe and Northern America,F,Female,2019,2010-2019,26,Both at least 18 years,C,Country data,G,Global,18,2019 Demographic Yearbook,https://unstats.un.org/unsd/demographic-social/products/dyb/dyb_2019/,2021,sex,1
43,QV.4,Ifdb90d43,Legal minimum age at marriage by sex,S583c1510,Minimum age for legal marriage - Without parental consent,438,Liechtenstein,LIE,9.552985019,47.14167005,Europe and Northern America,M,Male,2019,2010-2019,26,Both at least 18 years,C,Country data,G,Global,18,2019 Demographic Yearbook,https://unstats.un.org/unsd/demographic-social/products/dyb/dyb_2019/,2021,sex,1
44,QV.4,Ifdb90d43,Legal minimum age at marriage by sex,S583c1510,Minimum age for legal marriage - Without parental consent,440,Lithuania,LTU,23.90517807,55.33680309,Europe and Northern America,F,Female,2019,2010-2019,26,Both at least 18 years,C,Country data,G,Global,18,2019 Demographic Yearbook,https://unstats.un.org/unsd/demographic-social/products/dyb/dyb_2019/,2021,sex,1
45,QV.4,Ifdb90d43,Legal minimum age at marriage by sex,S583c1510,Minimum age for legal marriage - Without parental consent,440,Lithuania,LTU,23.90517807,55.33680309,Europe and Northern America,M,Male,2019,2010-2019,26,Both at least 18 years,C,Country data,G,Global,18,2019 Demographic Yearbook,https://unstats.un.org/unsd/demographic-social/products/dyb/dyb_2019/,2021,sex,1
46,QV.4,Ifdb90d43,Legal minimum age at marriage by sex,S583c1510,Minimum age for legal marriage - Without parental consent,442,Luxembourg,LUX,6.092656563,49.77679538,Europe and Northern America,F,Female,2019,2010-2019,26,Both at least 18 years,C,Country data,G,Global,18,2019 Demographic Yearbook,https://unstats.un.org/unsd/demographic-social/products/dyb/dyb_2019/,2021,sex,1
47,QV.4,Ifdb90d43,Legal minimum age at marriage by sex,S583c1510,Minimum age for legal marriage - Without parental consent,442,Luxembourg,LUX,6.092656563,49.77679538,Europe and Northern America,M,Male,2019,2010-2019,26,Both at least 18 years,C,Country data,G,Global,18,2019 Demographic Yearbook,https://unstats.un.org/unsd/demographic-social/products/dyb/dyb_2019/,2021,sex,1
48,QV.4,Ifdb90d43,Legal minimum age at marriage by sex,S583c1510,Minimum age for legal marriage - Without parental consent,454,Malawi,MWI,33.4884625,-13.40819859,Sub-Saharan Africa,F,Female,2019,2010-2019,26,Both at least 18 years,C,Country data,G,Global,18,2019 Demographic Yearbook,https://unstats.un.org/unsd/demographic-social/products/dyb/dyb_2019/,2021,sex,1
49,QV.4,Ifdb90d43,Legal minimum age at marriage by sex,S583c1510,Minimum age for legal marriage - Without parental consent,454,Malawi,MWI,33.4884625,-13.40819859,Sub-Saharan Africa,M,Male,2019,2010-2019,26,Both at least 18 years,C,Country data,G,Global,18,2019 Demographic Yearbook,https://unstats.un.org/unsd/demographic-social/products/dyb/dyb_2019/,2021,sex,1
50,QV.4,Ifdb90d43,Legal minimum age at marriage by sex,S583c1510,Minimum age for legal marriage - Without parental consent,458,Malaysia,MYS,116.8346314,5.452415309,Eastern and South-Eastern Asia,F,Female,2019,2010-2019,26,Both at least 18 years,C,Country data,G,Global,18,2019 Demographic Yearbook,https://unstats.un.org/unsd/demographic-social/products/dyb/dyb_2019/,2021,sex,1
51,QV.4,Ifdb90d43,Legal minimum age at marriage by sex,S583c1510,Minimum age for legal marriage - Without parental consent,458,Malaysia,MYS,116.8346314,5.452415309,Eastern and South-Eastern Asia,M,Male,2019,2010-2019,26,Both at least 18 years,C,Country data,G,Global,18,2019 Demographic Yearbook,https://unstats.un.org/unsd/demographic-social/products/dyb/dyb_2019/,2021,sex,1
52,QV.4,Ifdb90d43,Legal minimum age at marriage by sex,S583c1510,Minimum age for legal marriage - Without parental consent,470,Malta,MLT,14.44617519,35.89194275,Europe and Northern America,F,Female,2019,2010-2019,29,Both less than 18 years,C,Country data,G,Global,16,2019 Demographic Yearbook,https://unstats.un.org/unsd/demographic-social/products/dyb/dyb_2019/,2021,sex,1
53,QV.4,Ifdb90d43,Legal minimum age at marriage by sex,S583c1510,Minimum age for legal marriage - Without parental consent,470,Malta,MLT,14.44617519,35.89194275,Europe and Northern America,M,Male,2019,2010-2019,29,Both less than 18 years,C,Country data,G,Global,16,2019 Demographic Yearbook,https://unstats.un.org/unsd/demographic-social/products/dyb/dyb_2019/,2021,sex,1
54,QV.4,Ifdb90d43,Legal minimum age at marriage by sex,S583c1510,Minimum age for legal marriage - Without parental consent,480,Mauritius,MUS,57.568022,-20.28581998,Sub-Saharan Africa,F,Female,2019,2010-2019,26,Both at least 18 years,C,Country data,G,Global,18,2019 Demographic Yearbook,https://unstats.un.org/unsd/demographic-social/products/dyb/dyb_2019/,2021,sex,1
55,QV.4,Ifdb90d43,Legal minimum age at marriage by sex,S583c1510,Minimum age for legal marriage - Without parental consent,480,Mauritius,MUS,57.568022,-20.28581998,Sub-Saharan Africa,M,Male,2019,2010-2019,26,Both at least 18 years,C,Country data,G,Global,18,2019 Demographic Yearbook,https://unstats.un.org/unsd/demographic-social/products/dyb/dyb_2019/,2021,sex,1
56,QV.4,Ifdb90d43,Legal minimum age at marriage by sex,S583c1510,Minimum age for legal marriage - Without parental consent,499,Montenegro,MNE,19.25214024,42.78717043,Europe and Northern America,M,Male,2019,2010-2019,26,Both at least 18 years,C,Country data,G,Global,18,2019 Demographic Yearbook,https://unstats.un.org/unsd/demographic-social/products/dyb/dyb_2019/,2021,sex,1
57,QV.4,Ifdb90d43,Legal minimum age at marriage by sex,S583c1510,Minimum age for legal marriage - Without parental consent,500,Montserrat,MSR,-62.19261223,16.73558313,Latin America and the Caribbean,F,Female,2019,2010-2019,26,Both at least 18 years,C,Country data,G,Global,18,2019 Demographic Yearbook,https://unstats.un.org/unsd/demographic-social/products/dyb/dyb_2019/,2021,sex,1
58,QV.4,Ifdb90d43,Legal minimum age at marriage by sex,S583c1510,Minimum age for legal marriage - Without parental consent,500,Montserrat,MSR,-62.19261223,16.73558313,Latin America and the Caribbean,M,Male,2019,2010-2019,26,Both at least 18 years,C,Country data,G,Global,18,2019 Demographic Yearbook,https://unstats.un.org/unsd/demographic-social/products/dyb/dyb_2019/,2021,sex,1
59,QV.4,Ifdb90d43,Legal minimum age at marriage by sex,S583c1510,Minimum age for legal marriage - Without parental consent,504,Morocco,MAR,-6.281942841,31.8440131,Northern Africa and Western Asia,F,Female,2019,2010-2019,26,Both at least 18 years,C,Country data,G,Global,18,2019 Demographic Yearbook,https://unstats.un.org/unsd/demographic-social/products/dyb/dyb_2019/,2021,sex,1
60,QV.4,Ifdb90d43,Legal minimum age at marriage by sex,S583c1510,Minimum age for legal marriage - Without parental consent,504,Morocco,MAR,-6.281942841,31.8440131,Northern Africa and Western Asia,M,Male,2019,2010-2019,26,Both at least 18 years,C,Country data,G,Global,18,2019 Demographic Yearbook,https://unstats.un.org/unsd/demographic-social/products/dyb/dyb_2019/,2021,sex,1
61,QV.4,Ifdb90d43,Legal minimum age at marriage by sex,S583c1510,Minimum age for legal marriage - Without parental consent,516,Namibia,NAM,17.21907885,-22.13817068,Sub-Saharan Africa,F,Female,2019,2010-2019,26,Both at least 18 years,C,Country data,G,Global,21,2019 Demographic Yearbook,https://unstats.un.org/unsd/demographic-social/products/dyb/dyb_2019/,2021,sex,1
62,QV.4,Ifdb90d43,Legal minimum age at marriage by sex,S583c1510,Minimum age for legal marriage - Without parental consent,516,Namibia,NAM,17.21907885,-22.13817068,Sub-Saharan Africa,M,Male,2019,2010-2019,26,Both at least 18 years,C,Country data,G,Global,21,2019 Demographic Yearbook,https://unstats.un.org/unsd/demographic-social/products/dyb/dyb_2019/,2021,sex,1
63,QV.4,Ifdb90d43,Legal minimum age at marriage by sex,S583c1510,Minimum age for legal marriage - Without parental consent,524,Nepal,NPL,83.94678863,28.25866332,Central and Southern Asia,F,Female,2019,2010-2019,26,Both at least 18 years,C,Country data,G,Global,20,2019 Demographic Yearbook,https://unstats.un.org/unsd/demographic-social/products/dyb/dyb_2019/,2021,sex,1
64,QV.4,Ifdb90d43,Legal minimum age at marriage by sex,S583c1510,Minimum age for legal marriage - Without parental consent,524,Nepal,NPL,83.94678863,28.25866332,Central and Southern Asia,M,Male,2019,2010-2019,26,Both at least 18 years,C,Country data,G,Global,20,2019 Demographic Yearbook,https://unstats.un.org/unsd/demographic-social/products/dyb/dyb_2019/,2021,sex,1
65,QV.4,Ifdb90d43,Legal minimum age at marriage by sex,S583c1510,Minimum age for legal marriage - Without parental consent,528,Netherlands,NLD,5.331480568,51.86728884,Europe and Northern America,F,Female,2019,2010-2019,26,Both at least 18 years,C,Country data,G,Global,18,2019 Demographic Yearbook,https://unstats.un.org/unsd/demographic-social/products/dyb/dyb_2019/,2021,sex,1
66,QV.4,Ifdb90d43,Legal minimum age at marriage by sex,S583c1510,Minimum age for legal marriage - Without parental consent,528,Netherlands,NLD,5.331480568,51.86728884,Europe and Northern America,M,Male,2019,2010-2019,26,Both at least 18 years,C,Country data,G,Global,18,2019 Demographic Yearbook,https://unstats.un.org/unsd/demographic-social/products/dyb/dyb_2019/,2021,sex,1
67,QV.4,Ifdb90d43,Legal minimum age at marriage by sex,S583c1510,Minimum age for legal marriage - Without parental consent,540,New Caledonia,NCL,165.5067368,-21.41742531,"Oceania, exc. Australia and New Zealand",F,Female,2019,2010-2019,26,Both at least 18 years,C,Country data,G,Global,18,2019 Demographic Yearbook,https://unstats.un.org/unsd/demographic-social/products/dyb/dyb_2019/,2021,sex,1
68,QV.4,Ifdb90d43,Legal minimum age at marriage by sex,S583c1510,Minimum age for legal marriage - Without parental consent,540,New Caledonia,NCL,165.5067368,-21.41742531,"Oceania, exc. Australia and New Zealand",M,Male,2019,2010-2019,26,Both at least 18 years,C,Country data,G,Global,18,2019 Demographic Yearbook,https://unstats.un.org/unsd/demographic-social/products/dyb/dyb_2019/,2021,sex,1
69,QV.4,Ifdb90d43,Legal minimum age at marriage by sex,S583c1510,Minimum age for legal marriage - Without parental consent,554,New Zealand,NZL,170.4755673,-43.98721568,Australia and New Zealand,F,Female,2019,2010-2019,26,Both at least 18 years,C,Country data,G,Global,18,2019 Demographic Yearbook,https://unstats.un.org/unsd/demographic-social/products/dyb/dyb_2019/,2021,sex,1
70,QV.4,Ifdb90d43,Legal minimum age at marriage by sex,S583c1510,Minimum age for legal marriage - Without parental consent,554,New Zealand,NZL,170.4755673,-43.98721568,Australia and New Zealand,M,Male,2019,2010-2019,26,Both at least 18 years,C,Country data,G,Global,18,2019 Demographic Yearbook,https://unstats.un.org/unsd/demographic-social/products/dyb/dyb_2019/,2021,sex,1
71,QV.4,Ifdb90d43,Legal minimum age at marriage by sex,S583c1510,Minimum age for legal marriage - Without parental consent,558,Nicaragua,NIC,-85.03060315,12.84210839,Latin America and the Caribbean,F,Female,2019,2010-2019,26,Both at least 18 years,C,Country data,G,Global,21,2019 Demographic Yearbook,https://unstats.un.org/unsd/demographic-social/products/dyb/dyb_2019/,2021,sex,1
72,QV.4,Ifdb90d43,Legal minimum age at marriage by sex,S583c1510,Minimum age for legal marriage - Without parental consent,558,Nicaragua,NIC,-85.03060315,12.84210839,Latin America and the Caribbean,M,Male,2019,2010-2019,26,Both at least 18 years,C,Country data,G,Global,21,2019 Demographic Yearbook,https://unstats.un.org/unsd/demographic-social/products/dyb/dyb_2019/,2021,sex,1
73,QV.4,Ifdb90d43,Legal minimum age at marriage by sex,S583c1510,Minimum age for legal marriage - Without parental consent,807,North Macedonia,MKD,21.7007909,41.60048068,Europe and Northern America,F,Female,2019,2010-2019,26,Both at least 18 years,C,Country data,G,Global,18,2019 Demographic Yearbook,https://unstats.un.org/unsd/demographic-social/products/dyb/dyb_2019/,2021,sex,1
74,QV.4,Ifdb90d43,Legal minimum age at marriage by sex,S583c1510,Minimum age for legal marriage - Without parental consent,807,North Macedonia,MKD,21.7007909,41.60048068,Europe and Northern America,M,Male,2019,2010-2019,26,Both at least 18 years,C,Country data,G,Global,18,2019 Demographic Yearbook,https://unstats.un.org/unsd/demographic-social/products/dyb/dyb_2019/,2021,sex,1
75,QV.4,Ifdb90d43,Legal minimum age at marriage by sex,S583c1510,Minimum age for legal marriage - Without parental consent,578,Norway,NOR,11.47846389,61.34311134,Europe and Northern America,F,Female,2019,2010-2019,26,Both at least 18 years,C,Country data,G,Global,18,2019 Demographic Yearbook,https://unstats.un.org/unsd/demographic-social/products/dyb/dyb_2019/,2021,sex,1
76,QV.4,Ifdb90d43,Legal minimum age at marriage by sex,S583c1510,Minimum age for legal marriage - Without parental consent,578,Norway,NOR,11.47846389,61.34311134,Europe and Northern America,M,Male,2019,2010-2019,26,Both at least 18 years,C,Country data,G,Global,18,2019 Demographic Yearbook,https://unstats.un.org/unsd/demographic-social/products/dyb/dyb_2019/,2021,sex,1
77,QV.4,Ifdb90d43,Legal minimum age at marriage by sex,S583c1510,Minimum age for legal marriage - Without parental consent,512,Oman,OMN,57.87743482,21.98805614,Northern Africa and Western Asia,F,Female,2019,2010-2019,26,Both at least 18 years,C,Country data,G,Global,18,2019 Demographic Yearbook,https://unstats.un.org/unsd/demographic-social/products/dyb/dyb_2019/,2021,sex,1
78,QV.4,Ifdb90d43,Legal minimum age at marriage by sex,S583c1510,Minimum age for legal marriage - Without parental consent,512,Oman,OMN,57.87743482,21.98805614,Northern Africa and Western Asia,M,Male,2019,2010-2019,26,Both at least 18 years,C,Country data,G,Global,18,2019 Demographic Yearbook,https://unstats.un.org/unsd/demographic-social/products/dyb/dyb_2019/,2021,sex,1
79,QV.4,Ifdb90d43,Legal minimum age at marriage by sex,S583c1510,Minimum age for legal marriage - Without parental consent,591,Panama,PAN,-81.26616623,8.450965746,Latin America and the Caribbean,F,Female,2019,2010-2019,26,Both at least 18 years,C,Country data,G,Global,18,2019 Demographic Yearbook,https://unstats.un.org/unsd/demographic-social/products/dyb/dyb_2019/,2021,sex,1
80,QV.4,Ifdb90d43,Legal minimum age at marriage by sex,S583c1510,Minimum age for legal marriage - Without parental consent,591,Panama,PAN,-81.26616623,8.450965746,Latin America and the Caribbean,M,Male,2019,2010-2019,26,Both at least 18 years,C,Country data,G,Global,18,2019 Demographic Yearbook,https://unstats.un.org/unsd/demographic-social/products/dyb/dyb_2019/,2021,sex,1
81,QV.4,Ifdb90d43,Legal minimum age at marriage by sex,S583c1510,Minimum age for legal marriage - Without parental consent,608,Philippines,PHL,120.8601418,14.16591706,Eastern and South-Eastern Asia,F,Female,2019,2010-2019,26,Both at least 18 years,C,Country data,G,Global,21,2019 Demographic Yearbook,https://unstats.un.org/unsd/demographic-social/products/dyb/dyb_2019/,2021,sex,1
82,QV.4,Ifdb90d43,Legal minimum age at marriage by sex,S583c1510,Minimum age for legal marriage - Without parental consent,608,Philippines,PHL,120.8601418,14.16591706,Eastern and South-Eastern Asia,M,Male,2019,2010-2019,26,Both at least 18 years,C,Country data,G,Global,21,2019 Demographic Yearbook,https://unstats.un.org/unsd/demographic-social/products/dyb/dyb_2019/,2021,sex,1
83,QV.4,Ifdb90d43,Legal minimum age at marriage by sex,S583c1510,Minimum age for legal marriage - Without parental consent,616,Poland,POL,19.40660158,52.1226733,Europe and Northern America,F,Female,2019,2010-2019,26,Both at least 18 years,C,Country data,G,Global,18,2019 Demographic Yearbook,https://unstats.un.org/unsd/demographic-social/products/dyb/dyb_2019/,2021,sex,1
84,QV.4,Ifdb90d43,Legal minimum age at marriage by sex,S583c1510,Minimum age for legal marriage - Without parental consent,616,Poland,POL,19.40660158,52.1226733,Europe and Northern America,M,Male,2019,2010-2019,26,Both at least 18 years,C,Country data,G,Global,18,2019 Demographic Yearbook,https://unstats.un.org/unsd/demographic-social/products/dyb/dyb_2019/,2021,sex,1
85,QV.4,Ifdb90d43,Legal minimum age at marriage by sex,S583c1510,Minimum age for legal marriage - Without parental consent,620,Portugal,PRT,-7.961599811,39.68509315,Europe and Northern America,F,Female,2019,2010-2019,26,Both at least 18 years,C,Country data,G,Global,18,2019 Demographic Yearbook,https://unstats.un.org/unsd/demographic-social/products/dyb/dyb_2019/,2021,sex,1
86,QV.4,Ifdb90d43,Legal minimum age at marriage by sex,S583c1510,Minimum age for legal marriage - Without parental consent,620,Portugal,PRT,-7.961599811,39.68509315,Europe and Northern America,M,Male,2019,2010-2019,26,Both at least 18 years,C,Country data,G,Global,18,2019 Demographic Yearbook,https://unstats.un.org/unsd/demographic-social/products/dyb/dyb_2019/,2021,sex,1
87,QV.4,Ifdb90d43,Legal minimum age at marriage by sex,S583c1510,Minimum age for legal marriage - Without parental consent,630,Puerto Rico,PRI,-66.47591017,18.22753799,Latin America and the Caribbean,F,Female,2019,2010-2019,26,Both at least 18 years,C,Country data,G,Global,21,2019 Demographic Yearbook,https://unstats.un.org/unsd/demographic-social/products/dyb/dyb_2019/,2021,sex,1
88,QV.4,Ifdb90d43,Legal minimum age at marriage by sex,S583c1510,Minimum age for legal marriage - Without parental consent,630,Puerto Rico,PRI,-66.47591017,18.22753799,Latin America and the Caribbean,M,Male,2019,2010-2019,26,Both at least 18 years,C,Country data,G,Global,21,2019 Demographic Yearbook,https://unstats.un.org/unsd/demographic-social/products/dyb/dyb_2019/,2021,sex,1
89,QV.4,Ifdb90d43,Legal minimum age at marriage by sex,S583c1510,Minimum age for legal marriage - Without parental consent,410,Republic of Korea,KOR,127.8610254,36.45201023,Eastern and South-Eastern Asia,F,Female,2019,2010-2019,26,Both at least 18 years,C,Country data,G,Global,19,2019 Demographic Yearbook,https://unstats.un.org/unsd/demographic-social/products/dyb/dyb_2019/,2021,sex,1
90,QV.4,Ifdb90d43,Legal minimum age at marriage by sex,S583c1510,Minimum age for legal marriage - Without parental consent,410,Republic of Korea,KOR,127.8610254,36.45201023,Eastern and South-Eastern Asia,M,Male,2019,2010-2019,26,Both at least 18 years,C,Country data,G,Global,19,2019 Demographic Yearbook,https://unstats.un.org/unsd/demographic-social/products/dyb/dyb_2019/,2021,sex,1
91,QV.4,Ifdb90d43,Legal minimum age at marriage by sex,S583c1510,Minimum age for legal marriage - Without parental consent,498,Republic of Moldova,MDA,28.4650624,47.20236795,Europe and Northern America,F,Female,2019,2010-2019,27,Men at least 18 years Women less than 18 years,C,Country data,G,Global,16,2019 Demographic Yearbook,https://unstats.un.org/unsd/demographic-social/products/dyb/dyb_2019/,2021,sex,1
92,QV.4,Ifdb90d43,Legal minimum age at marriage by sex,S583c1510,Minimum age for legal marriage - Without parental consent,498,Republic of Moldova,MDA,28.4650624,47.20236795,Europe and Northern America,M,Male,2019,2010-2019,27,Men at least 18 years Women less than 18 years,C,Country data,G,Global,18,2019 Demographic Yearbook,https://unstats.un.org/unsd/demographic-social/products/dyb/dyb_2019/,2021,sex,1
93,QV.4,Ifdb90d43,Legal minimum age at marriage by sex,S583c1510,Minimum age for legal marriage - Without parental consent,642,Romania,ROU,24.98481009,45.83893563,Europe and Northern America,F,Female,2019,2010-2019,26,Both at least 18 years,C,Country data,G,Global,18,2019 Demographic Yearbook,https://unstats.un.org/unsd/demographic-social/products/dyb/dyb_2019/,2021,sex,1
94,QV.4,Ifdb90d43,Legal minimum age at marriage by sex,S583c1510,Minimum age for legal marriage - Without parental consent,642,Romania,ROU,24.98481009,45.83893563,Europe and Northern America,M,Male,2019,2010-2019,26,Both at least 18 years,C,Country data,G,Global,18,2019 Demographic Yearbook,https://unstats.un.org/unsd/demographic-social/products/dyb/dyb_2019/,2021,sex,1
95,QV.4,Ifdb90d43,Legal minimum age at marriage by sex,S583c1510,Minimum age for legal marriage - Without parental consent,643,Russian Federation,RUS,99.01404926,61.61899849,Europe and Northern America,F,Female,2019,2010-2019,26,Both at least 18 years,C,Country data,G,Global,18,2019 Demographic Yearbook,https://unstats.un.org/unsd/demographic-social/products/dyb/dyb_2019/,2021,sex,1
96,QV.4,Ifdb90d43,Legal minimum age at marriage by sex,S583c1510,Minimum age for legal marriage - Without parental consent,643,Russian Federation,RUS,99.01404926,61.61899849,Europe and Northern America,M,Male,2019,2010-2019,26,Both at least 18 years,C,Country data,G,Global,18,2019 Demographic Yearbook,https://unstats.un.org/unsd/demographic-social/products/dyb/dyb_2019/,2021,sex,1
97,QV.4,Ifdb90d43,Legal minimum age at marriage by sex,S583c1510,Minimum age for legal marriage - Without parental consent,654,Saint Helena,SHN,-5.705752501,-15.96503946,Sub-Saharan Africa,F,Female,2019,2010-2019,26,Both at least 18 years,C,Country data,G,Global,21,2019 Demographic Yearbook,https://unstats.un.org/unsd/demographic-social/products/dyb/dyb_2019/,2021,sex,1
98,QV.4,Ifdb90d43,Legal minimum age at marriage by sex,S583c1510,Minimum age for legal marriage - Without parental consent,654,Saint Helena,SHN,-5.705752501,-15.96503946,Sub-Saharan Africa,M,Male,2019,2010-2019,26,Both at least 18 years,C,Country data,G,Global,21,2019 Demographic Yearbook,https://unstats.un.org/unsd/demographic-social/products/dyb/dyb_2019/,2021,sex,1
99,QV.4,Ifdb90d43,Legal minimum age at marriage by sex,S583c1510,Minimum age for legal marriage - Without parental consent,670,Saint Vincent and the Grenadines,VCT,-61.19024321,13.24627968,Latin America and the Caribbean,F,Female,2019,2010-2019,26,Both at least 18 years,C,Country data,G,Global,18,2019 Demographic Yearbook,https://unstats.un.org/unsd/demographic-social/products/dyb/dyb_2019/,2021,sex,1
100,QV.4,Ifdb90d43,Legal minimum age at marriage by sex,S583c1510,Minimum age for legal marriage - Without parental consent,670,Saint Vincent and the Grenadines,VCT,-61.19024321,13.24627968,Latin America and the Caribbean,M,Male,2019,2010-2019,26,Both at least 18 years,C,Country data,G,Global,18,2019 Demographic Yearbook,https://unstats.un.org/unsd/demographic-social/products/dyb/dyb_2019/,2021,sex,1
101,QV.4,Ifdb90d43,Legal minimum age at marriage by sex,S583c1510,Minimum age for legal marriage - Without parental consent,674,San Marino,SMR,12.46329038,43.93841766,Europe and Northern America,F,Female,2019,2010-2019,26,Both at least 18 years,C,Country data,G,Global,18,2019 Demographic Yearbook,https://unstats.un.org/unsd/demographic-social/products/dyb/dyb_2019/,2021,sex,1
102,QV.4,Ifdb90d43,Legal minimum age at marriage by sex,S583c1510,Minimum age for legal marriage - Without parental consent,674,San Marino,SMR,12.46329038,43.93841766,Europe and Northern America,M,Male,2019,2010-2019,26,Both at least 18 years,C,Country data,G,Global,18,2019 Demographic Yearbook,https://unstats.un.org/unsd/demographic-social/products/dyb/dyb_2019/,2021,sex,1
103,QV.4,Ifdb90d43,Legal minimum age at marriage by sex,S583c1510,Minimum age for legal marriage - Without parental consent,686,Senegal,SEN,-14.46636926,14.35920905,Sub-Saharan Africa,F,Female,2019,2010-2019,26,Both at least 18 years,C,Country data,G,Global,18,2019 Demographic Yearbook,https://unstats.un.org/unsd/demographic-social/products/dyb/dyb_2019/,2021,sex,1
104,QV.4,Ifdb90d43,Legal minimum age at marriage by sex,S583c1510,Minimum age for legal marriage - Without parental consent,686,Senegal,SEN,-14.46636926,14.35920905,Sub-Saharan Africa,M,Male,2019,2010-2019,26,Both at least 18 years,C,Country data,G,Global,18,2019 Demographic Yearbook,https://unstats.un.org/unsd/demographic-social/products/dyb/dyb_2019/,2021,sex,1
105,QV.4,Ifdb90d43,Legal minimum age at marriage by sex,S583c1510,Minimum age for legal marriage - Without parental consent,688,Serbia,SRB,20.805876,44.03145697,Europe and Northern America,F,Female,2019,2010-2019,26,Both at least 18 years,C,Country data,G,Global,18,2019 Demographic Yearbook,https://unstats.un.org/unsd/demographic-social/products/dyb/dyb_2019/,2021,sex,1
106,QV.4,Ifdb90d43,Legal minimum age at marriage by sex,S583c1510,Minimum age for legal marriage - Without parental consent,688,Serbia,SRB,20.805876,44.03145697,Europe and Northern America,M,Male,2019,2010-2019,26,Both at least 18 years,C,Country data,G,Global,18,2019 Demographic Yearbook,https://unstats.un.org/unsd/demographic-social/products/dyb/dyb_2019/,2021,sex,1
107,QV.4,Ifdb90d43,Legal minimum age at marriage by sex,S583c1510,Minimum age for legal marriage - Without parental consent,690,Seychelles,SYC,55.46561591,-4.678053059,Sub-Saharan Africa,F,Female,2019,2010-2019,26,Both at least 18 years,C,Country data,G,Global,18,2019 Demographic Yearbook,https://unstats.un.org/unsd/demographic-social/products/dyb/dyb_2019/,2021,sex,1
108,QV.4,Ifdb90d43,Legal minimum age at marriage by sex,S583c1510,Minimum age for legal marriage - Without parental consent,690,Seychelles,SYC,55.46561591,-4.678053059,Sub-Saharan Africa,M,Male,2019,2010-2019,26,Both at least 18 years,C,Country data,G,Global,18,2019 Demographic Yearbook,https://unstats.un.org/unsd/demographic-social/products/dyb/dyb_2019/,2021,sex,1
109,QV.4,Ifdb90d43,Legal minimum age at marriage by sex,S583c1510,Minimum age for legal marriage - Without parental consent,694,Sierra Leone,SLE,-11.78306584,8.568604164,Sub-Saharan Africa,F,Female,2019,2010-2019,26,Both at least 18 years,C,Country data,G,Global,18,2019 Demographic Yearbook,https://unstats.un.org/unsd/demographic-social/products/dyb/dyb_2019/,2021,sex,1
110,QV.4,Ifdb90d43,Legal minimum age at marriage by sex,S583c1510,Minimum age for legal marriage - Without parental consent,694,Sierra Leone,SLE,-11.78306584,8.568604164,Sub-Saharan Africa,M,Male,2019,2010-2019,26,Both at least 18 years,C,Country data,G,Global,18,2019 Demographic Yearbook,https://unstats.un.org/unsd/demographic-social/products/dyb/dyb_2019/,2021,sex,1
111,QV.4,Ifdb90d43,Legal minimum age at marriage by sex,S583c1510,Minimum age for legal marriage - Without parental consent,702,Singapore,SGP,103.8107883,1.361009155,Eastern and South-Eastern Asia,F,Female,2019,2010-2019,26,Both at least 18 years,C,Country data,G,Global,21,2019 Demographic Yearbook,https://unstats.un.org/unsd/demographic-social/products/dyb/dyb_2019/,2021,sex,1
112,QV.4,Ifdb90d43,Legal minimum age at marriage by sex,S583c1510,Minimum age for legal marriage - Without parental consent,702,Singapore,SGP,103.8107883,1.361009155,Eastern and South-Eastern Asia,M,Male,2019,2010-2019,26,Both at least 18 years,C,Country data,G,Global,21,2019 Demographic Yearbook,https://unstats.un.org/unsd/demographic-social/products/dyb/dyb_2019/,2021,sex,1
113,QV.4,Ifdb90d43,Legal minimum age at marriage by sex,S583c1510,Minimum age for legal marriage - Without parental consent,703,Slovakia,SVK,19.48495604,48.70741446,Europe and Northern America,F,Female,2019,2010-2019,29,Both less than 18 years,C,Country data,G,Global,16,2019 Demographic Yearbook,https://unstats.un.org/unsd/demographic-social/products/dyb/dyb_2019/,2021,sex,1
114,QV.4,Ifdb90d43,Legal minimum age at marriage by sex,S583c1510,Minimum age for legal marriage - Without parental consent,703,Slovakia,SVK,19.48495604,48.70741446,Europe and Northern America,M,Male,2019,2010-2019,29,Both less than 18 years,C,Country data,G,Global,16,2019 Demographic Yearbook,https://unstats.un.org/unsd/demographic-social/products/dyb/dyb_2019/,2021,sex,1
115,QV.4,Ifdb90d43,Legal minimum age at marriage by sex,S583c1510,Minimum age for legal marriage - Without parental consent,705,Slovenia,SVN,14.82209486,46.11958061,Europe and Northern America,F,Female,2019,2010-2019,26,Both at least 18 years,C,Country data,G,Global,18,2019 Demographic Yearbook,https://unstats.un.org/unsd/demographic-social/products/dyb/dyb_2019/,2021,sex,1
116,QV.4,Ifdb90d43,Legal minimum age at marriage by sex,S583c1510,Minimum age for legal marriage - Without parental consent,705,Slovenia,SVN,14.82209486,46.11958061,Europe and Northern America,M,Male,2019,2010-2019,26,Both at least 18 years,C,Country data,G,Global,18,2019 Demographic Yearbook,https://unstats.un.org/unsd/demographic-social/products/dyb/dyb_2019/,2021,sex,1
117,QV.4,Ifdb90d43,Legal minimum age at marriage by sex,S583c1510,Minimum age for legal marriage - Without parental consent,710,South Africa,ZAF,24.67184355,-29.99957544,Sub-Saharan Africa,F,Female,2019,2010-2019,26,Both at least 18 years,C,Country data,G,Global,21,2019 Demographic Yearbook,https://unstats.un.org/unsd/demographic-social/products/dyb/dyb_2019/,2021,sex,1
118,QV.4,Ifdb90d43,Legal minimum age at marriage by sex,S583c1510,Minimum age for legal marriage - Without parental consent,710,South Africa,ZAF,24.67184355,-29.99957544,Sub-Saharan Africa,M,Male,2019,2010-2019,26,Both at least 18 years,C,Country data,G,Global,21,2019 Demographic Yearbook,https://unstats.un.org/unsd/demographic-social/products/dyb/dyb_2019/,2021,sex,1
119,QV.4,Ifdb90d43,Legal minimum age at marriage by sex,S583c1510,Minimum age for legal marriage - Without parental consent,724,Spain,ESP,-3.554078296,40.39211472,Europe and Northern America,F,Female,2019,2010-2019,26,Both at least 18 years,C,Country data,G,Global,18,2019 Demographic Yearbook,https://unstats.un.org/unsd/demographic-social/products/dyb/dyb_2019/,2021,sex,1
120,QV.4,Ifdb90d43,Legal minimum age at marriage by sex,S583c1510,Minimum age for legal marriage - Without parental consent,724,Spain,ESP,-3.554078296,40.39211472,Europe and Northern America,M,Male,2019,2010-2019,26,Both at least 18 years,C,Country data,G,Global,18,2019 Demographic Yearbook,https://unstats.un.org/unsd/demographic-social/products/dyb/dyb_2019/,2021,sex,1
121,QV.4,Ifdb90d43,Legal minimum age at marriage by sex,S583c1510,Minimum age for legal marriage - Without parental consent,275,State of Palestine,PSE,35.25694122,31.94347933,Northern Africa and Western Asia,F,Female,2019,2010-2019,30,No fixed data,C,Country data,G,Global,14,2019 Demographic Yearbook,https://unstats.un.org/unsd/demographic-social/products/dyb/dyb_2019/,2021,sex,1
122,QV.4,Ifdb90d43,Legal minimum age at marriage by sex,S583c1510,Minimum age for legal marriage - Without parental consent,275,State of Palestine,PSE,35.25694122,31.94347933,Northern Africa and Western Asia,M,Male,2019,2010-2019,29,Both less than 18 years,C,Country data,G,Global,15,2019 Demographic Yearbook,https://unstats.un.org/unsd/demographic-social/products/dyb/dyb_2019/,2021,sex,1
123,QV.4,Ifdb90d43,Legal minimum age at marriage by sex,S583c1510,Minimum age for legal marriage - Without parental consent,740,Suriname,SUR,-55.90626394,4.132603197,Latin America and the Caribbean,F,Female,2019,2010-2019,26,Both at least 18 years,C,Country data,G,Global,21,2019 Demographic Yearbook,https://unstats.un.org/unsd/demographic-social/products/dyb/dyb_2019/,2021,sex,1
124,QV.4,Ifdb90d43,Legal minimum age at marriage by sex,S583c1510,Minimum age for legal marriage - Without parental consent,740,Suriname,SUR,-55.90626394,4.132603197,Latin America and the Caribbean,M,Male,2019,2010-2019,26,Both at least 18 years,C,Country data,G,Global,21,2019 Demographic Yearbook,https://unstats.un.org/unsd/demographic-social/products/dyb/dyb_2019/,2021,sex,1
125,QV.4,Ifdb90d43,Legal minimum age at marriage by sex,S583c1510,Minimum age for legal marriage - Without parental consent,752,Sweden,SWE,14.3775338,60.60103109,Europe and Northern America,F,Female,2019,2010-2019,26,Both at least 18 years,C,Country data,G,Global,18,2019 Demographic Yearbook,https://unstats.un.org/unsd/demographic-social/products/dyb/dyb_2019/,2021,sex,1
126,QV.4,Ifdb90d43,Legal minimum age at marriage by sex,S583c1510,Minimum age for legal marriage - Without parental consent,752,Sweden,SWE,14.3775338,60.60103109,Europe and Northern America,M,Male,2019,2010-2019,26,Both at least 18 years,C,Country data,G,Global,18,2019 Demographic Yearbook,https://unstats.un.org/unsd/demographic-social/products/dyb/dyb_2019/,2021,sex,1
127,QV.4,Ifdb90d43,Legal minimum age at marriage by sex,S583c1510,Minimum age for legal marriage - Without parental consent,756,Switzerland,CHE,8.223158,46.96617097,Europe and Northern America,F,Female,2019,2010-2019,26,Both at least 18 years,C,Country data,G,Global,18,2019 Demographic Yearbook,https://unstats.un.org/unsd/demographic-social/products/dyb/dyb_2019/,2021,sex,1
128,QV.4,Ifdb90d43,Legal minimum age at marriage by sex,S583c1510,Minimum age for legal marriage - Without parental consent,756,Switzerland,CHE,8.223158,46.96617097,Europe and Northern America,M,Male,2019,2010-2019,26,Both at least 18 years,C,Country data,G,Global,18,2019 Demographic Yearbook,https://unstats.un.org/unsd/demographic-social/products/dyb/dyb_2019/,2021,sex,1
129,QV.4,Ifdb90d43,Legal minimum age at marriage by sex,S583c1510,Minimum age for legal marriage - Without parental consent,762,Tajikistan,TJK,69.294998,38.43069666,Central and Southern Asia,F,Female,2019,2010-2019,26,Both at least 18 years,C,Country data,G,Global,18,2019 Demographic Yearbook,https://unstats.un.org/unsd/demographic-social/products/dyb/dyb_2019/,2021,sex,1
130,QV.4,Ifdb90d43,Legal minimum age at marriage by sex,S583c1510,Minimum age for legal marriage - Without parental consent,762,Tajikistan,TJK,69.294998,38.43069666,Central and Southern Asia,M,Male,2019,2010-2019,26,Both at least 18 years,C,Country data,G,Global,18,2019 Demographic Yearbook,https://unstats.un.org/unsd/demographic-social/products/dyb/dyb_2019/,2021,sex,1
131,QV.4,Ifdb90d43,Legal minimum age at marriage by sex,S583c1510,Minimum age for legal marriage - Without parental consent,780,Trinidad and Tobago,TTO,-61.29389504,10.41877263,Latin America and the Caribbean,F,Female,2019,2010-2019,26,Both at least 18 years,C,Country data,G,Global,18,2019 Demographic Yearbook,https://unstats.un.org/unsd/demographic-social/products/dyb/dyb_2019/,2021,sex,1
132,QV.4,Ifdb90d43,Legal minimum age at marriage by sex,S583c1510,Minimum age for legal marriage - Without parental consent,780,Trinidad and Tobago,TTO,-61.29389504,10.41877263,Latin America and the Caribbean,M,Male,2019,2010-2019,26,Both at least 18 years,C,Country data,G,Global,18,2019 Demographic Yearbook,https://unstats.un.org/unsd/demographic-social/products/dyb/dyb_2019/,2021,sex,1
133,QV.4,Ifdb90d43,Legal minimum age at marriage by sex,S583c1510,Minimum age for legal marriage - Without parental consent,788,Tunisia,TUN,9.572737411,34.11439971,Northern Africa and Western Asia,F,Female,2019,2010-2019,26,Both at least 18 years,C,Country data,G,Global,18,2019 Demographic Yearbook,https://unstats.un.org/unsd/demographic-social/products/dyb/dyb_2019/,2021,sex,1
134,QV.4,Ifdb90d43,Legal minimum age at marriage by sex,S583c1510,Minimum age for legal marriage - Without parental consent,788,Tunisia,TUN,9.572737411,34.11439971,Northern Africa and Western Asia,M,Male,2019,2010-2019,26,Both at least 18 years,C,Country data,G,Global,18,2019 Demographic Yearbook,https://unstats.un.org/unsd/demographic-social/products/dyb/dyb_2019/,2021,sex,1
135,QV.4,Ifdb90d43,Legal minimum age at marriage by sex,S583c1510,Minimum age for legal marriage - Without parental consent,792,Turkey,TUR,35.42890329,38.9899684,Northern Africa and Western Asia,F,Female,2019,2010-2019,26,Both at least 18 years,C,Country data,G,Global,18,2019 Demographic Yearbook,https://unstats.un.org/unsd/demographic-social/products/dyb/dyb_2019/,2021,sex,1
136,QV.4,Ifdb90d43,Legal minimum age at marriage by sex,S583c1510,Minimum age for legal marriage - Without parental consent,792,Turkey,TUR,35.42890329,38.9899684,Northern Africa and Western Asia,M,Male,2019,2010-2019,26,Both at least 18 years,C,Country data,G,Global,18,2019 Demographic Yearbook,https://unstats.un.org/unsd/demographic-social/products/dyb/dyb_2019/,2021,sex,1
137,QV.4,Ifdb90d43,Legal minimum age at marriage by sex,S583c1510,Minimum age for legal marriage - Without parental consent,800,Uganda,UGA,32.39100438,1.279557331,Sub-Saharan Africa,F,Female,2019,2010-2019,26,Both at least 18 years,C,Country data,G,Global,18,2019 Demographic Yearbook,https://unstats.un.org/unsd/demographic-social/products/dyb/dyb_2019/,2021,sex,1
138,QV.4,Ifdb90d43,Legal minimum age at marriage by sex,S583c1510,Minimum age for legal marriage - Without parental consent,800,Uganda,UGA,32.39100438,1.279557331,Sub-Saharan Africa,M,Male,2019,2010-2019,26,Both at least 18 years,C,Country data,G,Global,18,2019 Demographic Yearbook,https://unstats.un.org/unsd/demographic-social/products/dyb/dyb_2019/,2021,sex,1
139,QV.4,Ifdb90d43,Legal minimum age at marriage by sex,S583c1510,Minimum age for legal marriage - Without parental consent,804,Ukraine,UKR,31.40270802,49.00735945,Europe and Northern America,F,Female,2019,2010-2019,26,Both at least 18 years,C,Country data,G,Global,18,2019 Demographic Yearbook,https://unstats.un.org/unsd/demographic-social/products/dyb/dyb_2019/,2021,sex,1
140,QV.4,Ifdb90d43,Legal minimum age at marriage by sex,S583c1510,Minimum age for legal marriage - Without parental consent,804,Ukraine,UKR,31.40270802,49.00735945,Europe and Northern America,M,Male,2019,2010-2019,26,Both at least 18 years,C,Country data,G,Global,18,2019 Demographic Yearbook,https://unstats.un.org/unsd/demographic-social/products/dyb/dyb_2019/,2021,sex,1
141,QV.4,Ifdb90d43,Legal minimum age at marriage by sex,S583c1510,Minimum age for legal marriage - Without parental consent,784,United Arab Emirates,ARE,53.98279159,23.43322219,Northern Africa and Western Asia,F,Female,2019,2010-2019,26,Both at least 18 years,C,Country data,G,Global,18,2019 Demographic Yearbook,https://unstats.un.org/unsd/demographic-social/products/dyb/dyb_2019/,2021,sex,1
142,QV.4,Ifdb90d43,Legal minimum age at marriage by sex,S583c1510,Minimum age for legal marriage - Without parental consent,784,United Arab Emirates,ARE,53.98279159,23.43322219,Northern Africa and Western Asia,M,Male,2019,2010-2019,26,Both at least 18 years,C,Country data,G,Global,18,2019 Demographic Yearbook,https://unstats.un.org/unsd/demographic-social/products/dyb/dyb_2019/,2021,sex,1
143,QV.4,Ifdb90d43,Legal minimum age at marriage by sex,S583c1510,Minimum age for legal marriage - Without parental consent,826,United Kingdom of Great Britain and Northern Ireland,GBR,-2.23830539,53.27691757,Europe and Northern America,F,Female,2019,2010-2019,26,Both at least 18 years,C,Country data,G,Global,18,2019 Demographic Yearbook,https://unstats.un.org/unsd/demographic-social/products/dyb/dyb_2019/,2021,sex,1
144,QV.4,Ifdb90d43,Legal minimum age at marriage by sex,S583c1510,Minimum age for legal marriage - Without parental consent,826,United Kingdom of Great Britain and Northern Ireland,GBR,-2.23830539,53.27691757,Europe and Northern America,M,Male,2019,2010-2019,26,Both at least 18 years,C,Country data,G,Global,18,2019 Demographic Yearbook,https://unstats.un.org/unsd/demographic-social/products/dyb/dyb_2019/,2021,sex,1
145,QV.4,Ifdb90d43,Legal minimum age at marriage by sex,S583c1510,Minimum age for legal marriage - Without parental consent,858,Uruguay,URY,-56.01387025,-32.8002838,Latin America and the Caribbean,F,Female,2019,2010-2019,26,Both at least 18 years,C,Country data,G,Global,18,2019 Demographic Yearbook,https://unstats.un.org/unsd/demographic-social/products/dyb/dyb_2019/,2021,sex,1
146,QV.4,Ifdb90d43,Legal minimum age at marriage by sex,S583c1510,Minimum age for legal marriage - Without parental consent,858,Uruguay,URY,-56.01387025,-32.8002838,Latin America and the Caribbean,M,Male,2019,2010-2019,26,Both at least 18 years,C,Country data,G,Global,18,2019 Demographic Yearbook,https://unstats.un.org/unsd/demographic-social/products/dyb/dyb_2019/,2021,sex,1
147,QV.4,Ifdb90d43,Legal minimum age at marriage by sex,S583c1510,Minimum age for legal marriage - Without parental consent,862,Venezuela (Bolivarian Republic of),VEN,-66.15642084,7.121324748,Latin America and the Caribbean,F,Female,2019,2010-2019,26,Both at least 18 years,C,Country data,G,Global,18,2019 Demographic Yearbook,https://unstats.un.org/unsd/demographic-social/products/dyb/dyb_2019/,2021,sex,1
148,QV.4,Ifdb90d43,Legal minimum age at marriage by sex,S583c1510,Minimum age for legal marriage - Without parental consent,862,Venezuela (Bolivarian Republic of),VEN,-66.15642084,7.121324748,Latin America and the Caribbean,M,Male,2019,2010-2019,26,Both at least 18 years,C,Country data,G,Global,18,2019 Demographic Yearbook,https://unstats.un.org/unsd/demographic-social/products/dyb/dyb_2019/,2021,sex,1
149,QV.4,Ifdb90d43,Legal minimum age at marriage by sex,S583c1510,Minimum age for legal marriage - Without parental consent,716,Zimbabwe,ZWE,29.86909584,-19.00075492,Sub-Saharan Africa,F,Female,2019,2010-2019,26,Both at least 18 years,C,Country data,G,Global,18,2019 Demographic Yearbook,https://unstats.un.org/unsd/demographic-social/products/dyb/dyb_2019/,2021,sex,1
150,QV.4,Ifdb90d43,Legal minimum age at marriage by sex,S583c1510,Minimum age for legal marriage - Without parental consent,716,Zimbabwe,ZWE,29.86909584,-19.00075492,Sub-Saharan Africa,M,Male,2019,2010-2019,26,Both at least 18 years,C,Country data,G,Global,18,2019 Demographic Yearbook,https://unstats.un.org/unsd/demographic-social/products/dyb/dyb_2019/,2021,sex,1
